"X1","X2","combine"
1,6,"thrL,thrA,thrB,thrC"
2,12,"yaaX,yaaA,yaaJ,talB,mog,satP"
3,11,"yaaW,yaaI,dnaK,dnaJ"
4,25,"insL1,mokC,hokC,sokC,nhaA,nhaR,insB1"
5,13,"insA,rpsT,yaaY,ribF,ileS"
6,4,"lspA,fkpB,ispH,rihC,dapB,carA"
7,3,"carB,caiF,caiE"
8,3,"caiD,caiC,caiB,caiA"
9,1,"caiT,fixA,fixB,fixC"
10,5,"fixX,yaaU,kefF,kefC,folA"
11,0,"apaH,apaG,rsmA,pdxA,surA,lptD"
12,4,"djlA,yabP,rluA"
13,8,"rapA,polB"
14,2,"araD,araA,araB"
15,0,"araC,yabI,thiQ,thiP,thiB"
16,12,"sgrR,sgrS,sgrT,setA,leuD,leuC"
17,9,"leuB,leuA,leuL,leuO"
18,5,"ilvI,ilvH,cra,mraZ"
19,5,"rsmH,ftsL,ftsI,murE,murF"
20,4,"mraY,murD,ftsW,murG"
21,3,"murC,ddlB,ftsQ,ftsA"
22,4,"ftsZ,lpxC,secM,secA"
23,4,"mutT,yacG,zapD,coaE,guaC,hofC"
24,3,"hofB,ppdD,nadC,ampD,ampE"
25,7,"aroP,pdhR,aceE"
26,1,"aceF,lpd,yacH"
27,1,"acnB,yacL,speD"
28,7,"speE,yacC,cueO,gcd"
29,3,"hpt,can,yadG,yadH,yadI"
30,1,"yadE,panD,yadD,panC,panB,yadC"
31,3,"yadK,yadL,yadM,htrE"
32,4,"yadV,yadN,folK,pcnB,gluQ"
33,2,"dksA,sfsA,ligT,hrpB,mrcB"
34,1,"fhuA,fhuC"
35,2,"fhuD,fhuB,hemL"
36,3,"clcA,erpA,yadS,btuF,mtn,dgt"
37,3,"degP,cdaR,yaeH,yaeI"
38,7,"dapD,glnD,map,tff,rpsB"
39,4,"tsf,pyrH,frr,dxr,ispU"
40,8,"cdsA,rseP,bamA"
41,2,"skp,lpxD,fabZ,lpxA,lpxB,rnhB"
42,2,"dnaE,accA,ldcC"
43,9,"yaeR,tilS,rof,yaeP,yaeQ,arfB"
44,3,"nlpE,yaeF,proS,tsaA,rcsF"
45,2,"metQ,metI,metN,gmhB,rrsH"
46,1,"ileV,alaV,rrlH,rrfH,aspU,dkgB,yafC"
47,6,"yafD,yafE,mltD,gloB,yafS"
48,2,"rnhA,dnaQ,aspV,yafT,ykfM,yafU,yafF,yafV"
49,10,"ivy,fadE,gmhA,yafJ"
50,0,"yafK,yafQ,dinJ,yafL,rayT,lfhA"
51,2,"lafU,dinB,yafN,yafO,yafP,ykfJ,prfH,pepD"
52,2,"gpt,frsA,crl,phoE"
53,4,"proB,proA,thrW,ykfN,ykfI,yafW,ykfH,ykfG,yafX"
54,13,"ykfF,ykfB,yafY,ykfL,ykfK,yafZ,ykfA,perR"
55,7,"insN,insI1,eyeA,ykfC,insH1"
56,1,"mmuP,mmuM,afuC,afuB"
57,1,"insX,yagB,yagA,yagE,yagF"
58,1,"yagG,yagH,yagI,argF"
59,0,"ykgS,yagJ,yagK,yagL,yagM"
60,2,"yagN,intF,ptwF,yagP,ykgT,paoD,paoC"
61,7,"paoB,paoA,yagU,ykgJ,ecpE"
62,1,"ecpD,ecpC,ecpB"
63,16,"ecpA,ecpR,ykgL,ykgO,ykgM,ykgR,ykgP,eaeH"
64,12,"insE1,insF1,ykgA,ykgQ,rclC,rclB,rclA"
65,5,"rclR,ykgE,ykgF,ykgG,ykgH"
66,1,"betA,betB,betI,betT"
67,2,"yahA,yahB,yahC"
68,1,"yahD,yahE,yahF,yahG"
69,3,"yahI,yahJ,yahK,yahL"
70,2,"yahM,yahN,yahO,prpR,prpB"
71,8,"prpC,prpD,prpE,codB"
72,4,"codA,cynR,cynT,cynS,cynX"
73,2,"lacA,lacY,lacZ"
74,3,"lacI,mhpR,mhpA"
75,3,"mhpB,mhpC,mhpD,mhpF,mhpE"
76,7,"mhpT,yaiL,frmB,frmA,frmR"
77,10,"yaiO,yaiX,insC1,insD1,yaiP,yaiS"
78,5,"tauA,tauB,tauC,tauD,hemB"
79,7,"yaiT,yaiV"
80,10,"ampH,sbmA,yaiW,yaiY,yaiZ,ddlA"
81,7,"iraP,phoA,psiF,yaiC,proC"
82,2,"yaiI,aroL,yaiA,aroM,yaiE,ykiA,rdgC"
83,8,"mak,araJ,sbcC"
84,3,"sbcD,phoB,phoR,brnQ"
85,10,"proY,malZ,acpH"
86,14,"queA,tgt,yajC,secD,secF"
87,7,"yajD,tsx,yajI,nrdR,ribD,ribE"
88,2,"nusB,thiL,pgpA,yajO,dxs"
89,2,"ispA,xseB,thiI,yajL,panE,yajQ"
90,5,"yajR,cyoE,cyoD,cyoC,cyoB"
91,8,"cyoA,ampG,yajG,bolA"
92,19,"tig,clpP,clpX,lon"
93,13,"hupB,ppiD,ybaV,fadM,queC"
94,0,"ybaE,cof,ybaO,mdlA"
95,6,"mdlB,glnK,amtB,tesB"
96,12,"ybaY,ybaZ,ffs,ybaA,ylaB,ylaC,maa"
97,11,"hha,tomB,acrB,acrA"
98,10,"acrR,mscK"
99,6,"ybaM,priC,ybaN,apt,dnaX,ybaB,recR"
100,2,"htpG,adk,hemH,aes"
101,24,"gsk,ybaL,fsr,ushA"
102,4,"ybaK,chiX,ybaP,ybaQ,copA"
103,1,"glsA,ybaT,cueR,ybbJ,qmcA"
104,4,"fetA,fetB,ybbN,ybbO,tesA,ybbA"
105,4,"ybbP,rhsD"
106,4,"ybbC,rhsH,ybbD,ylbI,ylbG"
107,3,"mnmH,allS,allA,allR,gcl"
108,2,"hyi,glxR,ybbW,allB"
109,1,"ybbY,glxK,allE,allC"
110,9,"allD,fdrA,ylbE,ylbF"
111,5,"ybcF,purK,purE,lpxH,ppiB,cysS"
112,21,"ybcI,ybcJ,folD,sfmA,sfmC,sfmD"
113,10,"sfmH,sfmF,sfmZ,argU,intD"
114,1,"xisD,exoD,peaD,renD,emrE,ybcK"
115,19,"ybcL,ybcM,ylcH,ybcN,ninE,ybcO,rusA,ylcG,quuD,nmpC"
116,17,"essD,rrrD,rzpD,rzoD,borD,ybcV,ybcW"
117,5,"ylcI,nohD,aaaD,tfaD,ybcY,tfaX,appY,ompT"
118,7,"pauD,envY,ybcH,nfrA"
119,11,"nfrB,cusS,cusR"
120,9,"cusC,cusF,cusB,cusA"
121,8,"pheP,ybdG,nfsB"
122,12,"ybdF,ybdJ,ybdK,sokE,hokE,entD"
123,9,"fepA,fes,ybdZ,entF"
124,1,"fepE,fepC"
125,4,"fepG,fepD,entS,fepB,entC"
126,4,"entE,entB,entA,entH,cstA"
127,2,"ybdD,ybdH,ybdL,ybdM"
128,11,"ybdN,ybdO,dsbG,ahpC,ahpF"
129,10,"uspG,ybdR,rnk,rna"
130,11,"citT,citG,citX,citF,citE"
131,10,"citD,citC,citA,citB,dcuC"
132,2,"pagP,cspE,flc,ybeM,tatE,lipA"
133,15,"ybeF,lipB,ybeD,dacA,rlpA"
134,24,"mrdB,mrdA,rlmH,rsfS,cobC,nadD"
135,3,"holA,lptE,leuS"
136,2,"ybeL,ybeQ,ybeR,djlB,ybeT,ybeU"
137,13,"djlC,hscC,rihA,gltL"
138,4,"gltK,gltJ,gltI,lnt"
139,0,"ybeX,ybeY,ybeZ,miaB"
140,9,"ubiF,glnX,glnV,metU,glnW,glnU,leuW,metT,asnB,umpH"
141,9,"nagC,nagA,nagB,nagE"
142,1,"glnS,chiP,chiQ"
143,4,"fur,uof,fldA,ybfE,ybfF,seqA,pgm"
144,2,"ybfP,ybfG,ybfI,potE,speF"
145,8,"ybfK,kdpE,kdpD,kdpC,kdpB"
146,1,"kdpA,kdpF,ybfA,rhsC"
147,2,"ybfB,rhsO"
148,5,"ybfC,ybfQ,ybfL,ybfD,ybgA,phr"
149,4,"dtpD,ybgI,ybgJ,ybgK"
150,6,"ybgL,nei,abrB,ybgO,ybgP,ybgQ"
151,11,"ybgD,gltA"
152,1,"sdhC,sdhD,sdhA,sdhB,sucA"
153,2,"sucB,sucC,sucD"
154,1,"mngR,mngA,mngB"
155,2,"cydA,cydB,cydX,ybgE,ybgC"
156,7,"tolQ,tolR,tolA,tolB,pal,ybgF"
157,10,"lysT,valT,lysW,valZ,lysY,lysZ,lysQ,nadA,pnuC,zitB,ybgS"
158,3,"aroG,gpmA,galM,galK,galT"
159,3,"galE,modF,modE,acrZ"
160,4,"modA,modB,modC,ybhA,pgl,ybhD"
161,2,"ybhH,ybhI,ybhJ"
162,2,"ybhC,ybhB,bioA,bioB"
163,6,"bioF,bioC,bioD,uvrB"
164,0,"ybhK,moaA,moaB,moaC,moaD,moaE,ybhL"
165,7,"ybhM,ybhN,clsB,ybhP,ybhQ"
166,5,"ybhR,ybhS,ybhF,ybhG,ybiH"
167,3,"rhlE,ybiA,dinG"
168,8,"ybiB,ybiC,ybiJ,ybiI,ybiX,fiu"
169,1,"mcbA,rlmF,ybiO"
170,2,"glnQ,glnP,glnH,dps,rhtA"
171,4,"ompX,opgE,mntS,mntR,ybiR,ldtB"
172,2,"ybiT,ybiU,ybiV"
173,2,"ybiW,ybiY,fsaA,moeB"
174,2,"moeA,iaaA,gsiA,gsiB"
175,1,"gsiC,gsiD,yliE"
176,7,"yliF,rimO,bssR,yliI,gstB"
177,7,"dacC,deoR,ybjG,mdfA,ybjH"
178,3,"ybjI,ybjJ,rcdA,rybB,ybjL"
179,6,"ybjM,grxA,ybjC,nfsA,rimK,ybjN,potF,potG"
180,2,"potH,potI,ybjO,rlmC,artJ"
181,6,"artM,artQ,artI,artP,ybjP,ybjQ,amiD"
182,3,"ybjS,ybjT,ltaE,poxB"
183,7,"hcr,hcp,ybjE"
184,2,"aqpZ,ybjD,ybjX,macA"
185,3,"macB,cspD,clpS,clpA"
186,9,"serW,infA,aat,cydC,cydD"
187,11,"trxB,lrp,ftsK"
188,0,"lolA,rarA,serS"
189,3,"dmsA,dmsB,dmsC,ycaC"
190,4,"ycaD,ycaM,ycaN,ycaK"
191,11,"pflA,pflB,focA,ycaO"
192,3,"ycaP,serC,aroA"
193,8,"ycaL,cmk,rpsA,ihfB,ycaI"
194,3,"msbA,lpxK,ycaQ"
195,1,"ycaR,kdsB,ycbJ,elyC,smtA,mukF"
196,1,"mukE,mukB"
197,7,"ldtD,ycbK,ycbL,aspC"
198,14,"ompF,asnS,pncB"
199,6,"pepN,ssuB,ssuC,ssuD"
200,6,"ssuA,ssuE,elfA,elfD,elfC"
201,3,"elfG,ycbU,ycbV,ycbF,pyrD"
202,4,"zapC,ycbX,rlmL,uup"
203,1,"pqiA,pqiB,pqiC"
204,9,"rmf,fabA,ycbZ,matP,ompA"
205,3,"sulA,sxy,yccS,yccF,helD"
206,2,"mgsA,yccT,yccU,hspQ,rlmI"
207,5,"yccX,tusE,yccA,serT,hyaA,hyaB"
208,1,"hyaC,hyaD,hyaE,hyaF,cbdA,cbdB"
209,2,"cbdX,appA,etk,etp,gfcE"
210,0,"gfcD,gfcC,gfcB,gfcA"
211,12,"cspH,cspG,ymcE,gnsA,yccM,torS"
212,1,"torT,torR,torC,torA"
213,2,"torD,cbpM,cbpA,yccE"
214,3,"agp,yccJ,wrbA,ymdF,rutG,rutF"
215,8,"rutE,rutD,rutC,rutB,rutA,rutR,putA"
216,4,"putP"
217,7,"efeU,efeO,efeB,phoH"
218,12,"pgaD,pgaC,pgaB,pgaA"
219,6,"ycdT"
220,7,"ymdE,ycdU,serX,ghrA,ycdX,ycdY"
221,11,"ycdZ,csgG,csgF,csgE,csgD,csgB,csgA,csgC"
222,7,"ymdA,ymdB,clsC,opgC,opgG"
223,6,"opgH,yceK,msyB,mdtG"
224,4,"lpxL,yceA,yceI,yceJ,yceO,solA"
225,6,"bssS,dinI,pyrC,yceB,grxB,mdtH"
226,4,"rimJ,yceH,yceM,murJ,flgN,flgM"
227,7,"flgA,flgB,flgC,flgD,flgE,flgF,flgG"
228,5,"flgH,flgI,flgJ,flgK"
229,5,"flgL,rne,yceQ,rluC"
230,8,"yceF,psrD,yceD,rpmF,plsX,fabH,fabD"
231,6,"fabG,acpP,fabF,pabC,yceG"
232,5,"tmk,holB,ycfH,ptsG,fhuE"
233,2,"hinT,ycfL,lpoB,thiK,nagZ"
234,4,"ycfP,ndh,ycfJ,ycfQ,bhsA,ldtC"
235,4,"mfd,ycfT"
236,5,"lolC,lolD,lolE,nagK,cobB"
237,2,"ycfZ,ymfA,potD,potC,potB,potA"
238,4,"pepT,roxA,phoQ,phoP"
239,1,"purB,hflD,mnmA,nudJ,rluE"
240,2,"icd,ymfD,ymfE,lit,intE"
241,0,"xisE,ymfI,ymfJ,cohE,croE,ymfL,ymfM,oweE,aaaE"
242,2,"ymfR,beeE,jayE,ymfQ,stfP,tfaP,tfaE,stfE,pinE"
243,2,"mcrA,icdC,iraM,ycgX,bluR,bluF"
244,2,"ycgZ,ymgA,ariR,ymgC,ycgG,ymgF,ycgH"
245,0,"ymgD,ymgG,ymgI,ymgJ,ycgI,minE,minD"
246,2,"minC,ycgJ,pliG,ycgL,ycgM,ycgN,hlyE"
247,2,"umuD,umuC,dsbB,nhaB,fadR"
248,2,"ycgB,dadA,dadX"
249,5,"cvrA,ldcA,emtA,ycgR,ymgE"
250,11,"ycgY,treA,dhaM,dhaL,dhaK"
251,6,"dhaR,ycgV"
252,4,"ychF,pth,ychH,dauA"
253,4,"prs,ispE,lolB,hemA"
254,3,"prfA,prmC,ychQ,ychA,kdsA,ldrA,rdlA,ldrB,rdlB"
255,16,"ldrC,rdlC,chaA,chaB,chaC,ychN,ychO"
256,4,"narL,narX,narK,narG"
257,0,"narH"
258,5,"narJ,narI,rttR,tpr,tyrV,tyrT,purU,ychJ,rssA"
259,28,"rssB,galU,hns,tdk,insZ"
260,4,"adhE,ychE"
261,2,"oppA,oppB,oppC,oppD"
262,7,"oppF,yciU,clsA,yciY,kch"
263,2,"yciI,tonB,yciA,yciB,yciC,ompW,yciE"
264,3,"yciF,yciG,trpA,trpB,trpC,trpD"
265,0,"trpE,trpL,yciV,yciO,yciQ"
266,2,"rluB,btuR,yciK,sohB"
267,23,"yciN,topA,cysB"
268,2,"ymiA,yciX,acnA,ribA,pgpB"
269,5,"yciS,yciM,pyrF,yciH,osmB,yciT,yciZ,gmr"
270,4,"ymiB,rnb,yciW"
271,3,"fabI,ycjD,sapF,sapD,sapC,sapB"
272,7,"sapA,ymjA,puuP,puuA"
273,4,"puuD,puuR,puuC,puuB"
274,5,"puuE,pspF,pspA,pspB,pspC,pspD,pspE"
275,3,"ycjM,ycjN,ycjO,ycjP,ycjQ"
276,1,"ycjR,ycjS,ycjT"
277,1,"ycjU,ycjV,ompG,ycjW,ycjX"
278,2,"ycjF,tyrR,tpx,ycjG,mpaA"
279,4,"ymjC,ymjD,ycjY,pgrR,mppA,ynaI"
280,5,"ynaJ,uspE,fnr,ogt"
281,5,"abgT,abgB,abgA,abgR"
282,3,"mcaS,smrA,ydaM,ydaN,fnrS,dbpA"
283,2,"ttcA,intR,ydaQ,ydaC,ralR,recT,recE"
284,6,"racC,ydaE,kilR,sieB,ydaF,ydaG,racR"
285,5,"ydaS,ydaT,ydaU,ydaV,ydaW,rzpR,rzoR,trkG"
286,9,"ynaK,ydaY,tmpR,lomR,stfR"
287,2,"tfaR,pinR,ynaE,ttcC"
288,9,"uspF,ompN,micC,pfo"
289,3,"ydbJ,hslJ,ldhA,ydbH"
290,2,"ynbE,ydbL,feaR,feaB,tynA"
291,0,"paaZ,paaA,paaB"
292,1,"paaC,paaD,paaE,paaF,paaG,paaH"
293,2,"paaI,paaJ,paaK,paaX,paaY"
294,0,"ynbG,ydbA"
295,0,"ydbC"
296,3,"ydbD,ynbA,ynbB,ynbC"
297,8,"ynbD,azoR,hrpA"
298,5,"ydcF,aldA,gapC"
299,20,"cybB,rydC,ydcA,hokB,mokB,sokB,trg,ydcI"
300,4,"ydcJ,opgD,ydcH,rimL,ydcK"
301,4,"tehA,tehB,ydcL,insP,insQ,ydcO"
302,2,"ydcN,ydcP,yncJ,hicA,hicB"
303,3,"ydcR,ydcS,ydcT,ydcU,ydcV"
304,0,"patD,yncL,ydcX,ydcY,ydcZ,mnaT,curA"
305,2,"mcbR,yncD,yncE,ansP"
306,4,"yncG,yncH,rhsE,ydcD"
307,1,"yncI,ydcC,pptA,yddH,nhoA,yddE"
308,6,"narV,narW,narY,narZ"
309,2,"narU,yddK"
310,3,"yddL,yddG,fdnG"
311,2,"fdnH,fdnI,yddM,adhP,maeA"
312,8,"sra,bdm,osmC,ddpF,ddpD,ddpC,ddpB"
313,0,"ddpA,ddpX,dosP"
314,5,"dosC,yddW,gadC"
315,1,"gadB,pqqL"
316,4,"yddB,yddA,ydeM"
317,3,"ydeN,ydeO,safA,ydeP"
318,1,"ydeQ,ydeR,ydeS,ydeT"
319,2,"yneL,hipA,hipB,yneO"
320,1,"lsrK"
321,2,"lsrR,lsrA,lsrC,lsrD"
322,7,"lsrB,lsrF,lsrG,tam,yneE,uxaB"
323,2,"yneF,yneG,glsB,sad,yneJ"
324,13,"yneK,ydeA,marC,marR,marA,marB"
325,7,"eamA,ydeE,yneM,mgrR,dgcZ,ydeI,ydeJ"
326,6,"dcp,ydfG,rspR,ydfZ,ydfI"
327,4,"ydfJ,ydfK,pinQ,tfaQ,stfQ"
328,14,"nohQ,ynfO,ydfO,gnsB,ynfN,cspI,rzpQ,rzoQ,rrrQ"
329,11,"ydfR,essQ,cspB,cspF,quuQ,ydfU,rem"
330,4,"hokD,relE,relB,ydfV,flxA,intK,ydfX,dicC,dicA,ydfA,ydfB,ydfC,dicF,dicB,ydfD"
331,1,"ydfE,intQ,rspB,rspA"
332,3,"ynfA,ynfB,speG,ynfC,ynfD,ynfE"
333,3,"ynfF,ynfG,ynfH,dmsD"
334,10,"clcB,ynfK,mlc,ynfL,ynfM"
335,5,"asr,ydgU,ydgD,mdtI,mdtJ,tqsA,pntB"
336,4,"pntA,ydgH,ydgI"
337,4,"folM,ydgC,rstA,rstB,tus"
338,2,"fumC,fumA,manA,ydgA"
339,3,"uidC,uidB,uidA"
340,6,"uidR,hdhA,malI,malX"
341,0,"malY,add,ydgJ,blr,cnu"
342,3,"ydgK,rsxA,rsxB,rsxC,rsxD"
343,11,"rsxG,rsxE,nth,dtpA,gstA"
344,4,"pdxY,tyrS,pdxH,mliC,anmK,slyB"
345,3,"slyA,ydhI,ydhJ,ydhK,sodC,ydhF"
346,4,"ydhL,nemR,nemA,gloA,rnt,lhr"
347,2,"grxD,mepH"
348,3,"sodB,ydhP,ynhF,purR,ydhB,ydhC"
349,3,"cfa,ribC,mdtK,ydhQ"
350,1,"valV,valW,ydhR,ydhS,ydhT,ydhU"
351,13,"ydhX,ydhW,ydhV,ydhY,ydhZ"
352,37,"pykF,lpp,ldtE,sufE,sufS"
353,2,"sufD,sufC,sufB,sufA,rydB,ydiH"
354,5,"menI,ydiJ,ydiK"
355,4,"rprA,ydiL,ydiM,ydiN,ydiB,aroD"
356,2,"ydiF,ydiO,ydiP,ydiQ"
357,9,"ydiR,ydiS,ydiT,fadK,ppsA"
358,2,"ppsR,aroH,ydiE,ydiU"
359,4,"ydiV,nlpC,btuD,btuE,btuC"
360,12,"ihfA,pheT,pheS,pheM,rplT,rpmI"
361,8,"infC,thrS,arpB"
362,9,"yniD,ydiY,pfkB,ydiZ,yniA,yniB,yniC"
363,4,"ydjM,ydjN,ydjO,cedA,katE"
364,4,"chbG,chbF,chbR,chbA,chbC"
365,2,"chbB,osmE,nadE,cho,ves"
366,4,"spy,astE,astB,astD,astA"
367,3,"astC,xthA,ydjX,ydjY,ydjZ"
368,6,"ynjA,ynjB,ynjC,ynjD,ynjE"
369,8,"ynjF,nudG,ynjH,gdhA,ynjI,topB"
370,5,"selD,ydjA,sppA"
371,4,"ansA,pncA,ydjE,ydjF,ydjG"
372,5,"ydjH,ydjI,ydjJ,ydjK"
373,2,"ydjL,yeaC,msrB,gapA,yeaD,yeaE"
374,4,"mipA,yeaG,yeaH"
375,2,"yeaI,yeaJ,yeaK,yoaI,yeaL,yeaM"
376,6,"yeaN,yeaO,yoaF,yeaP,yoaK,yoaJ,yeaQ,yoaG,yeaR"
377,2,"leuE,dmlR,dmlA,yeaV,yeaW"
378,4,"yeaX,rnd,fadD,yeaY"
379,4,"tsaB,yoaA,yoaB,yoaC,yoaH,pabB"
380,3,"nudL,sdaA,yoaD"
381,10,"yoaE,manX,manY,manZ,yobD"
382,11,"mntP,rlmA,cspC,yobF,yebO,mgrB,yobH,kdgR"
383,9,"yebQ,htpX,prc,proQ"
384,2,"msrC,yebS,yebT"
385,6,"rsmF,yebV,yebW,pphA,ryeA,sdsR,yebY,yebZ,yobA"
386,6,"holE,yobB,exoX,ptrB,yebE"
387,2,"yebF,yebG,purT,eda,edd,zwf"
388,4,"yebK,pykA,lpxM"
389,5,"mepM,znuA,znuC,znuB,ruvB"
390,2,"ruvA,yobI,yebB,ruvC,yebC,nudB,aspS"
391,3,"yecD,yecE,yecN,cmoA,cmoB,torZ"
392,5,"torY,cutC,yecM"
393,6,"argS,yecT,flhE,flhA"
394,5,"flhB,cheZ,cheY,cheB,cheR,tap"
395,5,"tar,cheW,cheA"
396,6,"motB,motA,flhC,flhD,uspC"
397,5,"otsA,otsB,araH,araG"
398,7,"araF,ftnB,yecJ,azuC,yecR,ftnA,yecH,tyrP"
399,11,"yecA,leuZ,cysT,glyW,pgsA,uvrC,uvrY"
400,2,"yecF,sdiA,yecC,yecS,dcyD,fliY"
401,5,"fliZ,fliA,fliC,fliD"
402,3,"fliS,fliT,amyA,yedD,yedE,yedF,yedK"
403,1,"yedL,yedN,intG,fliE,fliF,fliG"
404,2,"fliH,fliI,fliJ,fliK,fliL"
405,0,"fliM,fliN,fliO,fliP,fliQ,fliR,rcsA,dsrB,yodD"
406,1,"dsrA,yedP,yedQ,yodC,yedI,yedA"
407,0,"vsr,dcm,yedJ,yedR,rseX,yedS"
408,11,"hchA,yedV,yedW,hiuH,yedY"
409,8,"yedZ,zinT,yodB,serU,mtfA,asnT,yeeJ"
410,0,""
411,1,"yeeL,shiA"
412,6,"amn,yeeN,asnW,yeeO,asnU,cbl"
413,3,"nac,asnV,ldtA,cobT,cobS"
414,0,"cobU,yeeH,yoeG,yoeH,yoeA"
415,19,"yeeP,isrC,flu,yeeR"
416,10,"yeeS,yeeT,cbeA,cbtA,yeeW,yoeD,yoeF,yeeX,yeeA"
417,2,"sbmC,dacD,sbcB,yeeD,yeeE"
418,4,"plaP,yoeI,yeeY,yeeZ,yoeB,yefM,hisL"
419,0,"hisG,hisD,hisC,hisB,hisH"
420,1,"hisA,hisF,hisI,wzzB,ugd,gnd"
421,0,"wbbL,wbbK,wbbJ"
422,14,"wbbI,wbbH,glf,wzxB,rfbC"
423,16,"rfbA,rfbD,rfbB,wcaN,wcaM"
424,11,"wcaL,wcaK,wzxC"
425,17,"wcaJ,cpsG,cpsB,wcaI"
426,2,"wcaH,wcaG,gmd,wcaF,wcaE,wcaD"
427,3,"wcaC,wcaB,wcaA,wzc"
428,1,"wzb,wza,yegH,asmA"
429,3,"dcd,udk,yegE"
430,5,"alkA,yegD,yegI"
431,14,"yegJ,yegK,yegL,sibA,ibsA,sibB,ibsB,mdtA"
432,10,"mdtB,mdtC"
433,10,"iceT,baeS,baeR"
434,16,"yegP,yegQ,cyaR,ogrK,yegZ,yegR,yegS,gatR"
435,5,"gatD,gatC,gatB,gatA"
436,13,"gatZ,gatY,fbaB,yegT"
437,1,"yegU,yegV,yegW,yegX,thiD,thiM"
438,1,"rcnR,rcnA,rcnB,yehA,yehB"
439,2,"yehC,yehD,yehE,mrp,metG"
440,0,"yehH"
441,2,"yehI,yehK,yehL"
442,7,"yehM,yehP,yehQ"
443,5,"yehR,yehS,yehT,yehU,mlrA"
444,7,"yohO,yehW,yehX,yehY,osmF,bglX"
445,4,"dld,pbpG"
446,2,"yohC,yohD,yohF,mdtQ,yohP,dusC"
447,4,"yohJ,yohK,cdd,sanA,yeiS,preT"
448,4,"preA,mglC,mglA,mglB"
449,5,"galS,yeiB,folE,yeiG,cirA"
450,9,"lysP,yeiE,yeiH"
451,3,"nfo,yeiI,nupX,rihB"
452,0,"yeiL,psuT,psuG,psuK,fruA"
453,4,"fruK,fruB,setB"
454,6,"yeiW,yeiP,yeiQ,yeiR,lpxT,mepS"
455,5,"rtn,yejA,yejB"
456,3,"yejE,yejF,yejG,bcr,rsuA"
457,9,"yejH,rplY,yejK,yejL,yejM"
458,6,"proL,yejO"
459,8,"narP,ccmH,dsbE,ccmF,ccmE"
460,3,"ccmD,ccmC,ccmB,ccmA,napC,napB,napH,napG"
461,0,"napA,napD,napF,eco"
462,3,"mqo,yojI,alkB,ada"
463,3,"apbE,ompC,micF,rcsD"
464,2,"rcsB,rcsC"
465,13,"atoS,atoC,atoD,atoA,atoE"
466,4,"atoB,yfaP,yfaQ,yfaS"
467,1,"yfaT,yfaA"
468,6,"gyrA,ubiG"
469,3,"yfaL,nrdA"
470,4,"nrdB,yfaE,inaA,yfaH,glpQ"
471,1,"glpT,glpA,glpB"
472,4,"glpC,yfaD,ypaA,rhmA,rhmT"
473,1,"rhmD,rhmR,yfaY,yfaZ,nudI"
474,2,"ais,arnB,arnC,arnA"
475,10,"arnD,arnT,arnE,arnF,pmrD,menE,menC"
476,2,"menB,menH,menD,menF"
477,0,"elaB,elaA,rbn,elaD,yfbK"
478,2,"yfbL,yfbM,yfbN,yfbO,yfbP"
479,18,"nuoN,nuoM,nuoL"
480,3,"nuoK,nuoJ,nuoI,nuoH,nuoG"
481,6,"nuoF,nuoE,nuoC,nuoB,nuoA"
482,2,"lrhA,alaA,yfbR,yfbS"
483,6,"yfbT,yfbU,yfbV,ackA,pta"
484,5,"yfcC,yfcD,yfcE,yfcF"
485,5,"yfcG,folX,yfcH,yfcI,hisP,hisM"
486,2,"hisQ,hisJ,argT,ubiX,purF"
487,6,"cvpA,dedD,folC,accD,dedA,truA"
488,3,"usg,pdxB,flk,yfcJ"
489,4,"fabB,mnmC,yfcL,epmC,yfcA"
490,10,"mepA,aroC,prmB,smrB,yfcO"
491,1,"yfcP,yfcQ,yfcR,yfcS,yfcU"
492,0,"yfcV,sixA,fadJ,fadI"
493,5,"yfcZ,fadL,yfdF,mlaA"
494,5,"yfdC,argW,intS,gtrA,gtrB,gtrS"
495,0,"tfaS,yfdK,yfdL,yfdM,yfdN,oweS,yfdP,yfdQ,yfdR"
496,2,"yfdS,yfdT,ypdJ,torI,pawZ,dsdC,dsdX,dsdA"
497,4,"emrY,emrK,evgA,evgS"
498,2,"yfdE,yfdV"
499,2,"oxc,frc,yfdX,ypdI"
500,1,"yfdY,lpxP,ypdK,alaC,ypdA"
501,2,"ypdB,ypdC,fryA,ypdE"
502,3,"ypdF,fryC,fryB,glk,yfeO"
503,17,"ypeC,mntH,nupC"
504,19,"yfeA,alaX,alaW,yfeC,yfeD,gltX"
505,3,"valU,valX,valY,lysV,xapR,xapB,xapA"
506,1,"yfeN,yfeR,yfeH,ypeB,ligA"
507,3,"zipA,cysZ,cysK,ptsH,ptsI"
508,2,"crr,pdxK,yfeK,yfeS,cysM,cysA"
509,2,"cysW,cysU,cysP,ucpA,murR"
510,3,"murQ,murP,yfeW,yfeX"
511,5,"yfeY,yfeZ,ypeA,amiA,hemF,eutR"
512,6,"eutK,eutL,eutC,eutB,intZ"
513,3,"yffL,yffM,yffN,yffO,yffP,yffQ,yffR,yffS"
514,3,"eutA,eutH,eutG,eutJ"
515,1,"eutE,eutN,eutM,eutD,eutT,eutQ,eutP"
516,5,"eutS,maeB,talA,tktB"
517,2,"ypfG,nudK,aegA"
518,6,"narQ,acrD"
519,2,"ypfM,yffB,dapE,ypfN,ypfH,tmcA"
520,7,"ypfJ,purC,bamC,dapA,gcvR"
521,2,"bcp,hyfA,hyfB,hyfC,hyfD"
522,3,"hyfE,hyfF,hyfG"
523,4,"hyfH,hyfI,hyfJ,hyfR,focB,yfgO"
524,2,"bepA,yfgD,hda,uraA"
525,2,"upp,purM,purN,ppk"
526,7,"ppx,yfgF,yfgG,yfgH"
527,5,"yfgI,guaA,guaB,xseA"
528,2,"yfgJ,der,bamB,yfgM,hisS"
529,4,"ispG,rodZ,rlmN,ndk"
530,3,"pbpC,yfhM"
531,1,"sseA,ryfA,sseB"
532,4,"pepB,iscX,fdx,hscA,hscB,iscA,iscU"
533,3,"iscS,iscR,trmJ,suhB,yfhR"
534,3,"csiE,hcaT,iroK,hcaR,hcaE"
535,1,"hcaF,hcaC,hcaB,hcaD,yphA,yphB,yphC"
536,1,"yphD,yphE,yphF,yphG"
537,1,"yphH,glyA"
538,11,"hmp,glnB,glrR,yfhG,glrK"
539,9,"glmY,purL"
540,2,"mltF,tadA,pgpC,yfhH,yfhL"
541,2,"shoB,ohsC,acpS,pdxJ,recO,era,rnc,lepB"
542,3,"lepA,rseC,rseB,rseA,rpoE"
543,7,"nadB,trmN,srmB,yfiE"
544,9,"eamB,grcA,ung,yfiF,trxC,yfiP,pka"
545,5,"pssA,yfiM,kgtP"
546,1,"rrfG,rrlG,gltW,rrsG"
547,10,"clpB,ryfD,yfiH"
548,4,"rluD,bamD,raiA,pheL,pheA,tyrA"
549,12,"aroF,yfiL,yfiR,yfiN,yfiB,rplS,trmD"
550,1,"rimM,rpsP,ffh,ypjD,yfjD"
551,6,"grpE,nadK,recN,bamE,ratB,ratA,smpB"
552,3,"ssrA,intA,yfjH,alpA,yfjI"
553,4,"yfjJ,yfjK,yfjL"
554,5,"yfjM,rnlA,rnlB,yfjP,yfjQ,yfjR"
555,0,"ypjK,yfjS,yfjT,yfjU,yfjV,yfjW"
556,5,"ypjI,yfjX,yfjY,ypjJ,yfjZ,ypjF,psaA,ypjA"
557,2,"pinH,ypjC"
558,3,"ileY,ygaQ,csiD,lhgO"
559,6,"gabD,gabT,gabP"
560,1,"csiR,ygaU,yqaE,ygaV,ygaP,stpA,alaE,ygaC"
561,9,"ygaM,nrdH,nrdI,nrdE,nrdF,proV"
562,8,"proW,proX,ygaY,ygaZ"
563,9,"ygaH,mprA,emrA,emrB,luxS,micA,gshA"
564,5,"yqaA,yqaB,argQ,argZ,argY,argV,serV,csrA,alaS"
565,3,"recX,recA,pncC,mltB"
566,6,"srlA,srlE,srlB,srlD,srlM,srlR,srlQ"
567,2,"norR,norV,norW"
568,5,"hypF,hydN,ascG,ascF"
569,6,"ascB,hycI,hycH,hycG,hycF,hycE"
570,3,"hycD,hycC,hycB,hycA"
571,6,"hypA,hypB,hypC,hypD,hypE,fhlA"
572,6,"ygbA,mutS,pphB"
573,8,"ygbI,ygbJ,ygbK,ygbL,ygbM"
574,12,"ygbN,rpoS,nlpD,pcm,umpG"
575,4,"truD,ispF,ispD,ftsB,ygbE,cysC,cysN"
576,11,"cysD,iap,ygbF,ygbT,casE"
577,1,"casD,casC,casB,casA,ygcB"
578,3,"sokX,cysH,cysI"
579,5,"cysJ,queD,ygcN,ygcO,ygcP,ygcQ"
580,6,"ygcR,ygcS,ygcU,ygcW"
581,4,"yqcE,ygcE,queE"
582,5,"yqcG,ygcG,eno,pyrG,mazG"
583,6,"mazF,mazE,relA,rlmD"
584,3,"barA,gudD,gudX"
585,3,"gudP,yqcA,truC,yqcC,csrB,syd"
586,7,"queF,ygdH,sdaC,sdaB"
587,2,"ygdG,fucO,fucA,fucP"
588,7,"fucI,fucK,fucU,fucR"
589,3,"rlmM,ygdD,gcvA,gcvB,ygdI,csdA,csdE"
590,11,"tcdA,mltA,metZ,metW,metV,amiC,argA"
591,1,"recD,recB"
592,2,"ptrA,recC"
593,1,"ppdC,ygdB,ppdB,ppdA,thyA"
594,2,"lgt,ptsP,rppH,mutH"
595,2,"ygdQ,ygdR,tas,lplT,aas"
596,7,"omrA,omrB,galR,lysA,lysR,ygeA"
597,8,"araE,kduD,kduI,yqeF"
598,3,"yqeG,yqeH,yqeI,yqeJ,yqeL,yqeK"
599,1,"ygeF,ygeG,ygeH,ygeI,pbl,ygeK"
600,5,"ygeN,ygeO,ygeQ,glyU,ygeR"
601,2,"xdhA,xdhB,xdhC,ygeV"
602,8,"ygeW,ygeX,ygeY"
603,11,"hyuA,yqeA,yqeB,yqeC"
604,2,"mocA,ygfK,ssnA"
605,4,"ygfM,xdhD,xanQ"
606,2,"guaD,ghxQ,ygfS,ygfT"
607,5,"uacT,yqfG,idi,lysS"
608,2,"prfB,recJ,dsbC,xerD,fldB"
609,1,"cptA,sdhE,ygfZ,yqfA,yqfB,bglA"
610,4,"ygfF,gcvP,gcvH,gcvT"
611,2,"ubiI,ubiH,pepP,ygfB"
612,4,"zapA,ssrS,fau,sibC,ibsC,serA,rpiA,yqfE,argP"
613,1,"scpA,argK,scpB,scpC"
614,2,"ygfI,yggE,argO,mscS"
615,1,"fbaA,pgk,epd,yggC,yggD"
616,2,"yggF,yggP,cmtA,cmtB,tktA"
617,1,"loiP,speB,speA"
618,1,"yqgB,yqgC,metK,galP,yggI"
619,6,"endA,rsmE,gshB,yqgE,yqgF,yggR"
620,4,"yggS,yggT,yggU,rdgB,yggW,yggM,ansB"
621,3,"yggN,yggL,trmI,mutY,yggX,mltC"
622,5,"nupG,speC,yqgA"
623,10,"pheV,yghD,yghE,yghF,yghG,pppA,sslE"
624,1,"glcA"
625,4,"glcB,glcG,glcF"
626,2,"glcE,glcD,glcC,yghO"
627,2,"yghQ,yghR,yghS,yghT,pitB"
628,7,"gss,yghU,hybG,hybF"
629,4,"hybE,hybD,hybC,hybB,hybA"
630,5,"hybO,yghW,yghX,gpr,yqhA,yghA"
631,9,"exbD,exbB,metC,yghB,yqhC"
632,1,"yqhD,dkgA,yqhG,yqhH,ygiQ"
633,6,"ftsP,plsC,parC"
634,4,"ygiS,mqsA,mqsR,ygiV,ygiW,qseB"
635,6,"qseC,ygiZ,mdaB,ygiN,parE"
636,2,"yqiA,cpdA,yqiB,nudF,tolC,ygiB"
637,12,"ygiC,ygiD,zupT,ribB,yqiC"
638,3,"ygiL,yqiG,yqiH"
639,5,"yqiI,glgS,yqiJ,yqiK,sibD,ibsD"
640,6,"sibE,ibsE,hldE,glnE,ygiF"
641,5,"ygiM,cca,bacA,folB,plsY"
642,7,"ttdR,ttdA,ttdB,ttdT,tsaD"
643,15,"rpsU,dnaG,rpoD,mug"
644,5,"ileX,yqjH,yqjI,aer,patA"
645,8,"ygjH,ebgR,ebgA"
646,2,"ebgC,ygjI,ygjJ,ygjK"
647,5,"fadH,higA,higB,rlmG"
648,4,"ygjP,ygjQ,ygjR,alx,sstT"
649,2,"ygjV,uxaA,uxaC"
650,4,"exuT,exuR,yqjA,mzrA,yqjC,yqjD,yqjE"
651,6,"yqjK,yqjF,yqjG,yhaH,yhaI,yhaJ,yhaK"
652,6,"yhaL,yhaM,yhaO,tdcG,tdcF"
653,1,"tdcE,tdcD,tdcC"
654,4,"tdcB,tdcA,tdcR,yhaB,yhaC"
655,3,"rnpB,garK,garR,garL,garP"
656,3,"garD,prlF,yhaV,agaR,kbaZ"
657,5,"agaV,agaW,agaA,agaS,kbaY,agaB,agaC"
658,1,"agaD,agaI,yraH,yraI,yraJ"
659,4,"yraK,rsmI,lpoA"
660,2,"yraN,diaA,yraP,yraQ,yraR,yhbO,yhbP,yhbQ"
661,4,"yhbS,yhbT,yhbU,yhbV,yhbW,mtr"
662,6,"deaD,yrbN,nlpI,pnp"
663,9,"psrO,rpsO,truB,rbfA,infB"
664,8,"nusA,rimP,metY,argG,yhbX"
665,6,"leuU,secG,glmM,folP"
666,13,"ftsH,rlmE,yhbY,greA,dacB"
667,13,"obgE,yhbE,rpmA,rplU,ispB,sfsB"
668,12,"murA,ibaG,mlaB,mlaC,mlaD,mlaE,mlaF"
669,7,"yrbG,kdsD,kdsC,lptC,lptA,lptB,rpoN"
670,5,"hpf,ptsN,yhbJ,npr,yrbL,mtgA,elbB"
671,20,"arcZ,arcB,yhcC,gltB"
672,2,"gltD"
673,1,"gltF,yhcA,yhcD"
674,6,"yhcE,yhcF,yhcG,yhcH,nanK"
675,4,"nanE,nanT,nanA,nanR,dcuD"
676,6,"sspB,sspA,rpsI,rplM,zapE"
677,11,"yhcB,degQ,degS,mdh,argR"
678,2,"yhcN,yhcO,aaeB,aaeA,aaeX,aaeR"
679,3,"tldD,yhdP"
680,9,"rng,yhdE,mreD,mreC"
681,7,"mreB,csrD,acuI,yrdF,yrdE"
682,6,"accB,accC,yhdT,panF,prmA"
683,26,"dusB,fis,yhdJ,yhdU,acrS,acrE"
684,5,"acrF,yhdV,yhdW"
685,6,"yhdX,yhdY,yhdZ,rrfF,thrV,rrfD,rrlD"
686,2,"alaU,ileU,rrsD,yrdA,yrdB"
687,5,"aroE,tsaC,yrdD,smg,smf,def,fmt"
688,2,"rsmB,trkA,mscL,arfA,zntR,yhdN,rplQ"
689,17,"rpoA,rpsD,rpsK,rpsM,rpmJ,secY,rplO,rpmD,rpsE"
690,7,"rplR,rplF,rpsH,rpsN,rplE,rplX,rplN,rpsQ,rpmC,rplP,rpsC,rplV"
691,10,"rpsS,rplB,rplW,rplD,rplC,rpsJ,gspB,gspA"
692,4,"gspC,gspD,gspE,gspF"
693,3,"gspG,gspH,gspI,gspJ,gspK,gspL"
694,4,"gspM,gspO,bfr,bfd,chiA"
695,22,"tufA,fusA,rpsG,rpsL,tusB,tusC"
696,8,"tusD,yheO,fkpA,slyX,slyD,yheV,kefB"
697,1,"kefG,yheS,yheT,yheU,prkB"
698,10,"yhfA,crp,yhfK,argD"
699,5,"pabA,fic,yhfG,ppiA,tsgA,nirB"
700,4,"nirD,nirC,cysG,yhfL,frlA"
701,3,"frlB,frlC,frlD,frlR,yhfS"
702,5,"yhfT,yhfU,php,yhfW,yhfX"
703,1,"yhfY,yhfZ,trpS,gph,rpe"
704,4,"dam,damX,aroB,aroK,hofQ"
705,1,"hofP,hofO,hofN,hofM,mrcA"
706,10,"nudE,yrfF,yrfG,hslR,hslO"
707,7,"yhgE,pck,envZ"
708,7,"ompR,greB,yhgF"
709,6,"feoA,feoB,feoC,yhgA,bioH,gntX"
710,13,"nfuA,gntT,malQ"
711,26,"malP,malT"
712,17,"rtcA,rtcB,rtcR,glpR"
713,8,"glpG,glpE,glpD,yzgL,glgP"
714,5,"glgA,glgC,glgX"
715,3,"glgB,asd"
716,6,"yhgN,gntU,gntK,gntR,yhhW,yhhX"
717,8,"ryhB,yhhY,yhhZ,yrhA,yrhB"
718,13,"ggt,yhhA,ugpQ,ugpC,ugpE"
719,6,"ugpA,ugpB,livF,livG,livM"
720,8,"livH,livK,panM,livJ,rpoH"
721,8,"ftsX,ftsE,ftsY,rsmD,yhhL"
722,9,"yhhM,yhhN,zntA,tusA,yhhQ,dcrB"
723,8,"yhhS,yhhT,acpT,nikA"
724,7,"nikB,nikC,nikD,nikE,nikR,rhsB"
725,10,"yhhH,yrhC,yhhI"
726,11,"yhhJ,rbbA,yhiI"
727,11,"yhiJ,yhiL,yhiM"
728,9,"yhiN,pitA,uspB"
729,9,"uspA,dtpB,rsmJ,prlC"
730,9,"rlmJ,gor,dinQ,agrA,agrB,arsR,arsB"
731,7,"arsC,yhiS,slp,dctR"
732,7,"yhiD,hdeB,hdeA,hdeD,arrS,gadE,mdtE"
733,6,"mdtF,gadW,gadY,gadX"
734,8,"gadA,yhjA,treF"
735,8,"yhjB,yhjC,yhjD,yhjE"
736,9,"yhjG,yhjH,kdgK"
737,11,"yhjJ,dctA,yhjK"
738,8,"bcsC,bcsZ"
739,8,"bcsB,bcsA"
740,5,"bcsQ,yhjR,bcsE,bcsF,bcsG,ldrD"
741,6,"rdlD,yhjV,dppF,dppD,dppC,dppB"
742,8,"dppA,proK,eptB"
743,4,"yhjX,yhjY,tag,yiaC,bisC"
744,4,"yiaD,ghrB,yiaF,yiaG"
745,14,"cspA,hokA,mokA,insJ,insK,sokA,glyS,glyQ"
746,5,"ysaB,wecH,yiaA,yiaB,xylB,xylA"
747,2,"xylF,xylG,xylH,xylR"
748,4,"bax,malS,avtA"
749,2,"ysaA,yiaJ,yiaK,yiaL,yiaM,yiaN"
750,3,"yiaO,lyxK,sgbH,sgbU"
751,7,"sgbE,ysaC,ysaD,yiaT,yiaU,yiaV,yiaW,aldB"
752,5,"yiaY,selB,selA"
753,8,"yibF,rhsA"
754,1,"yibA,rhsJ,yibG,yibS,yibW,yibV,yibU"
755,2,"yibH,yibI,mtlA,mtlD"
756,4,"mtlR,yibT,yibL,lldP,lldR,lldD"
757,2,"trmL,cysE,gpsA,secB,grxC,yibN"
758,1,"gpmM,envC,yibQ,waaH"
759,1,"tdh,kbl,yibB,hldD,waaF"
760,5,"waaC,waaL,waaU,waaZ"
761,2,"waaY,waaR,waaO,waaB,waaS"
762,5,"waaP,waaG,waaQ,waaA,coaD"
763,2,"mutM,rpmG,rpmB,yicR,dfp,dut,slmA"
764,67,"pyrE,rph,yicC,dinD,yicG,ligB"
765,23,"gmk,rpoZ,spoT,trmH"
766,2,"recG,gltS,xanP"
767,1,"yicH,yicI,yicJ"
768,8,"selC,yicT,setC,yicL,nlpA"
769,0,"yicS,nepI,yicN,adeQ,adeD"
770,1,"uhpT,uhpC,uhpB"
771,7,"uhpA,ilvN,ilvB,ivbL,istR,tisB,emrD"
772,0,"yidF,yidG,yidH,yidI,yidJ,yidK"
773,8,"yidL,glvG,glvC,yidP,yidE"
774,6,"ibpB,ibpA,yidQ,yidR,cbrA"
775,2,"dgoT,dgoD,dgoA,dgoK,dgoR"
776,17,"yidX,yidA,yidB,gyrB"
777,7,"recF,dnaN,dnaA,rpmH,rnpA,yidD"
778,2,"yidC,mnmE,tnaC,tnaA"
779,2,"tnaB,mdtL,yidZ,yieE,chrR"
780,1,"adeP,yieH,cbrB,cbrC,yieK,yieL"
781,6,"bglH,bglB,bglF"
782,4,"bglG,phoU,pstB,pstA,pstC"
783,13,"pstS,glmS,glmU"
784,13,"atpC,atpD,atpG,atpA,atpH"
785,6,"atpF,atpE,atpB,atpI,rsmG,mnmG"
786,6,"mioC,asnC,asnA,viaA,ravA"
787,29,"kup,rbsD,rbsA"
788,25,"rbsC,rbsB,rbsK,rbsR,hsrA"
789,2,"yieP,rrsC,gltU,rrlC"
790,16,"rrfC,aspT,trpT,hdfR,yifE,yifB"
791,12,"ilvL,ilvX,ilvG,ilvM,ilvE,ilvD"
792,7,"ilvA,ilvY,ilvC,ppiC"
793,10,"yifN,rep,gpp,rhlB"
794,20,"trxA,rho,wecA,wzzE"
795,5,"wecB,wecC,rffG,rffH,wecD"
796,16,"wecE,wzxE,wecF,wzyE,wecG"
797,2,"yifK,argX,hisR,leuT,proM,aslB,aslA"
798,4,"glmZ,hemY,hemX,hemD,hemC"
799,5,"cyaA,cyaY,yifL,dapF"
800,5,"yigA,xerC,yigB,uvrD"
801,13,"yigE,corA,yigF,yigG,rarD,yigI,pldA"
802,1,"recQ,rhtC,rhtB,pldB"
803,2,"yigL,yigM,metR,metE"
804,2,"ysgA,udp,rmuC,ubiE,ubiJ,esrE"
805,3,"ubiB,tatA,tatB,tatC,tatD,rfaH,ubiD"
806,1,"fre,fadA,fadB"
807,11,"pepQ,yigZ,trkH,hemG"
808,15,"rrsA,ileT,alaT,rrlA"
809,1,"rrfA,mobB,mobA,yihD,srkA,dsbA,yihF"
810,1,"yihG,polA,spf"
811,1,"yihA,csrC,yihI,hemN,yshB,glnG"
812,4,"glnL,glnA,typA"
813,2,"yihL,yihM,yihN,ompL,yihO"
814,6,"yihP,yihQ,yihR"
815,1,"yihS,yihT,yihU,yihV,yihW"
816,4,"yihX,yihY,dtd,yiiD,yiiE,yiiF"
817,1,"fdhE,fdoI,fdoH,fdoG"
818,1,"fdhD,yiiG,frvR,frvX"
819,4,"frvB,frvA,rhaM,rhaD,rhaA"
820,1,"rhaB,rhaS,rhaR,rhaT"
821,7,"sodA,kdgT,yiiM,cpxA,cpxR"
822,2,"cpxP,fieF,pfkA,sbp,cdh"
823,0,"tpiA,yiiQ,yiiR,yiiS,uspD,fpr,glpX"
824,6,"glpK,glpF,zapB,rraA,menA"
825,24,"hslU,hslV,ftsN,cytR,priA"
826,20,"rpmE,yiiX,metJ,metB,metL"
827,1,"metF,katG"
828,5,"yijE,yijF,gldA,fsaB,frwA"
829,1,"frwC,frwB,pflD"
830,6,"pflC,frwD,yijO,eptC"
831,2,"ppc,argE"
832,8,"argC,argB,argH,oxyS,oxyR,sthA"
833,4,"fabR,yijD,trmA,btuB"
834,4,"murI,rrsB,gltT,rrlB"
835,3,"rrfB,murB,birA,coaA"
836,4,"thrU,tyrU,glyT,thrT,tufB,secE,nusG,rplK,rplA,rplJ"
837,51,"rplL,rpoB"
838,14,"rpoC,yjaZ"
839,5,"sroH,thiH,thiG,thiS,thiF,thiE,thiC"
840,6,"rsd,nudC,hemE,nfi,yjaG"
841,11,"hupA,yjaH,zraP,zraS,zraR,purD"
842,4,"purH,rrsE,gltV"
843,4,"rrlE,rrfE,yjaA,yjaB,metA"
844,9,"aceB,aceA,aceK"
845,20,"arpA,iclR,metH"
846,2,"yjbB,pepE"
847,5,"rluF,yjbD,lysC,pgi"
848,4,"yjbE,yjbF,yjbG,yjbH,yjbT"
849,3,"psiE,xylE,malG,malF"
850,4,"malE,malK,lamB,malM"
851,5,"yjbI,ubiC,ubiA,plsB"
852,0,"dgkA,lexA,dinF,yjbJ,zur"
853,2,"yjbL,yjbM,dusA,pspG,qorA,dnaB"
854,3,"alr,tyrB,yjbS,aphA"
855,3,"yjbQ,yjbR,uvrA,ssb,yjcB"
856,7,"yjcC,soxS,soxR,ryjA,ghxP,yjcE"
857,4,"yjcF,actP,yjcH"
858,3,"acs,nrfA,nrfB,nrfC"
859,7,"nrfD,nrfE,nrfF,nrfG,gltP"
860,3,"yjcO,fdhF,mdtP"
861,5,"mdtO,mdtN,ytcA,yjcS"
862,5,"alsK,alsE,alsC,alsA"
863,4,"alsB,alsR,rpiB,yjdP,phnP"
864,4,"phnO,phnN,phnM,phnL,phnK,phnJ,phnI"
865,3,"phnH,phnG,phnF,phnE,phnD,phnC"
866,2,"yjdN,yjdM,crfC,yjcZ"
867,6,"proP,pmrR,basS,basR,eptA"
868,4,"adiC,adiY,adiA"
869,3,"melR,melA,melB,yjdF"
870,6,"fumB,dcuB,dcuR"
871,8,"dcuS,yjdI,yjdJ,ghoS,ghoT,lysU,dtpC"
872,1,"cadA,cadB"
873,1,"cadC,yjdQ,pheU,yjdC,dsbD"
874,7,"cutA,dcuA,aspA,fxsA,yjeH"
875,4,"groS,groL,yjeI,yjeJ,epmB"
876,3,"efp,ecnA,ecnB,sugE,blc,ampC,frdD,frdC,frdB"
877,12,"frdA,epmA,yjeM"
878,2,"yjeN,yjeO,mscM,psd"
879,4,"rsgA,orn,glyV,glyX,glyY,yjeV,queG,nnr"
880,5,"tsaE,amiB,mutL,miaA"
881,14,"hfq,hflX,hflK,hflC,yjeT,purA"
882,6,"nsrR,rnr,rlmB"
883,4,"yjfI,yjfJ,yjfK,yjfL,yjfM,yjfC,aidB"
884,2,"yjfN,bsmA,yjfP,ulaR,ulaG,ulaA"
885,2,"ulaB,ulaC,ulaD,ulaE,ulaF,yjfY"
886,15,"rpsF,priB,rpsR,rplI,yjfZ,ytfA,ytfB,fklB,cycA"
887,1,"ytfE,ytfF,qorB,ytfH,cpdB"
888,3,"cysQ,ytfI,ytfJ,ytfK,ytfL"
889,17,"msrA,tamA,tamB"
890,9,"ytfP,chpS,chpB,ppa,ytfQ"
891,6,"ytfR,ytfT,yjfF,fbp"
892,4,"mpl,yjgA,pmbA,cybC,nrdG"
893,6,"nrdD,treC,treB"
894,3,"treR,mgtL,mgtA"
895,4,"ridA,pyrI,pyrB,pyrL,yjgH,bdcA,bdcR,tabA"
896,3,"yjgL,argI,rraB,yjgM,yjgN"
897,3,"valS,holC,pepA"
898,7,"lptF,lptG,yjgR"
899,4,"idnR,idnT,idnO,idnD,idnK"
900,3,"ahr,leuX,intB,yjgX"
901,5,"yjgZ,insG,yjhB"
902,8,"yjhC,ythA,yjhD,yjhE,insO,insM,yjhV"
903,11,"fecE,fecD,fecC,fecB,fecA"
904,1,"fecR,fecI,yjhU"
905,0,"yjhF,yjhG,yjhH"
906,4,"yjhI,sgcR,sgcE,sgcA,ryjB,sgcQ,sgcC"
907,4,"sgcB,sgcX,yjhY,yjhP,yjhQ,yjhX,yjhZ,yjhR"
908,3,"nanS,nanM,nanC"
909,11,"fimB,fimE,fimA,fimI,fimC"
910,11,"fimD,fimF,fimG,fimH,gntP"
911,9,"uxuA,uxuB,uxuR"
912,8,"yjiC,iraD,hypT,iadA,yjiG,yjiH"
913,12,"kptA,yjiJ,yjiK,yjiL,yjiM"
914,10,"yjiN,mdtM,yjiP"
915,11,"yjiR,yjiS,yjiT,yjiV"
916,9,"mcrC,mcrB,symE,symR"
917,14,"hsdS,hsdM,hsdR"
918,1,"mrr,yjiA,yjiX,yjiY"
919,0,"tsr,lgoT,lgoR"
920,4,"lgoD,opgB,yjjA"
921,4,"dnaC,dnaT,yjjB,yjjP,yjjQ,bglJ,fhuF"
922,4,"yjjZ,leuV,leuP,leuQ,rsmC,holD,rimI,yjjG,prfC"
923,4,"osmY,ytjA,yjjU,yjjV,yjjW"
924,3,"yjjI,deoC,deoA,deoB"
925,17,"deoD,yjjJ,lplA,ytjB,serB"
926,22,"radA,nadR,ettA"
927,3,"slt,trpR,yjjX,ytjC,rob"
928,7,"creA,creB,creC,creD,arcA"
